{
    "accuracies": [
        0.3901,
        0.463,
        0.4842,
        0.4872,
        0.5038,
        0.5203,
        0.5201,
        0.542,
        0.5298,
        0.5498
    ],
    "test_losses": [
        1.6948221321105956,
        1.4778134756088257,
        1.4289810626983643,
        1.4634534954071046,
        1.3555899175643922,
        1.3427551822662354,
        1.3253227451324463,
        1.263674768638611,
        1.3221147680282592,
        1.266238991355896
    ],
    "train_losses": [
        